headline,publish_date,author
Death toll from Moscow concert hall attack rises to 133 as Putin addresses the nation,"March 23, 2024",Rebecca Rosman
Ohio has been a bellwether and a battleground: What is it telling us now?,"March 23, 2024",Ron Elving
"Princess Kate's cancer triggers public shock, sympathy — and shame on the tabloids","March 23, 2024",Lauren Frayer
My patients think Ozempic is a wonder drug. But it can't fix fat phobia,"March 23, 2024",Mara Gordon
"Israeli settlers step up attacks on Palestinian farms, expanding West Bank outposts","March 23, 2024",Eleanor Beardsley
Purim — a festive Jewish holiday with an ending often ignored,"March 23, 2024",Deena Prichep
What is the foundation behind the Ruth Bader Ginsburg award controversy?,"March 23, 2024",Bill Chappell
California wants to protect indoor workers from heat. That goal is now in limbo,"March 23, 2024",Alejandra Borunda
Senate passes $1.2 trillion funding package to avert partial government shutdown,"Updated March 23, 2024",Barbara Sprunt
So your NCAA bracket is busted. Should you have just chosen all the top seeds?,"March 23, 2024",Becky Sullivan
"Like a Phish concert but with more grievance, this is what it's like at a Trump rally","March 23, 2024",Danielle Kurtzleben
Trump is on the verge of a windfall of billions of dollars. Here are 3 things to know,"March 22, 2024",Rafael Nam
"In Parkland, Harris will urge more use of red flag laws to prevent shootings","March 23, 2024",Deepa Shivaram
Tierra Whack opens up: 'Don't we all fake it?',"March 23, 2024",Rodney Carmichael
"On 'Tigers Blood,' Waxahatchee is in her anti-eras era","March 23, 2024",Laura Snapes
Virtual reality offers a chilling 3D look inside Venezuela's spiraling prison,"March 23, 2024",John Otis
New Indiana law requires professors to promote 'intellectual diversity' to keep tenure,"March 22, 2024",Ethan Sandweiss
There's already 'catastrophic' hunger in Gaza. Who decides when to call it a 'famine?',"March 22, 2024",Nurith Aizenman
The Gambia is debating whether to repeal its ban on female genital mutilation,"March 22, 2024",Diane Cole
Rep. Marjorie Taylor Greene files motion to oust House Speaker Mike Johnson,"Updated March 22, 2024",Deirdre Walsh
What's Making Us Happy: A guide to your weekend viewing and listening,"March 22, 2024",Linda Holmes
"If you recently sold your home, you might get part of your realtor fee back","March 22, 2024",Scott Horsley
Tiny Desk Premiere: Soul Glo,"March 22, 2024",Lars Gotrich
I hated history — until I learned about Shirley Chisholm,"March 22, 2024",Destinee Adams
FBI letter tells Alaska Airlines passengers they are 'a possible victim of a crime',"March 22, 2024",Bill Chappell
The ultimate green burial? Human composting lets you replenish the earth after death,"March 22, 2024",April Dembosky
This recycled 'Road House' can't capture the B-movie spirit of the original,"March 22, 2024",Justin Chang
"Aliens attack science in '3 Body Problem,' a new adaptation of a Chinese sci-fi novel","March 22, 2024",Eric Deggans
Medicare plans can now cover Wegovy for patients at risk of heart disease,"Updated March 22, 2024",Yuki Noguchi
This week's quiz has happiness and happy dogs. You're welcome,"March 22, 2024",Holly J. Morris
